,Titles,Year,IMDB Ratings,Votes
0,Knives Out,2019,7.9,336956
1,Ford v. Ferrari,2019,8.1,229275
2,Once Upon a Time... in Hollywood,2019,7.7,485682
3,Gisaengchung,2019,8.6,438759
4,Joker,2019,8.5,819211
5,The Gentlemen,2019,7.9,154994
6,1917,2019,8.3,336713
7,Avengers: Endgame,2019,8.4,734359
8,Into the Wild,2007,8.1,555653
9,The Shawshank Redemption,1994,9.3,2256909
10,Inception,2010,8.8,1979824
11,Jojo Rabbit,2019,7.9,232639
12,The Godfather,1972,9.2,1557242
13,The Lord of the Rings: The Fellowship of the Ring,2001,8.8,1607753
14,Back to the Future,1985,8.5,1013218
15,Little Women,2019,7.9,112610
16,Interstellar,2014,8.6,1429227
17,The Dark Knight,2008,9.0,2223071
18,Watchmen,2009,7.6,487249
19,Harry Potter and the Sorcerer's Stone,2001,7.6,618175
20,The Silence of the Lambs,1991,8.6,1222372
21,The Wolf of Wall Street,2013,8.2,1126727
22,Call Me by Your Name,2017,7.9,194981
23,Thor: Ragnarok,2017,7.9,556879
24,Jaws,1975,8.0,531444
25,Alien,1979,8.4,762092
26,The Help,2011,8.1,416313
27,The Matrix,1999,8.7,1618545
28,Jurassic Park,1993,8.1,835952
29,Pulp Fiction,1994,8.9,1766150
30,Django Unchained,2012,8.4,1305850
31,Inglourious Basterds,2009,8.3,1218278
32,The Lighthouse,2019,7.6,111030
33,V for Vendetta,2005,8.2,1002287
34,The Princess Bride,1987,8.1,381702
35,Gladiator,2000,8.5,1296640
36,Spider-Man: Into the Spider-Verse,2018,8.4,325435
37,Avengers: Infinity War,2018,8.4,783682
38,Mad Max: Fury Road,2015,8.1,847278
39,Boogie Nights,1997,7.9,231777
40,The Prestige,2006,8.5,1143436
41,Titanic,1997,7.8,1016670
42,Forrest Gump,1994,8.8,1739675
43,Gone Girl,2014,8.1,824665
44,Kingsman: The Secret Service,2014,7.7,575541
45,The Green Mile,1999,8.6,1100461
46,Zodiac,2007,7.7,436025
47,Se7en,1995,8.6,1389081
48,Fight Club,1999,8.8,1793209
49,Blade Runner 2049,2017,8.0,434431
50,Bohemian Rhapsody,2018,8.0,427757
51,The Irishman,2019,7.9,296421
52,The Goonies,1985,7.8,234310
53,Léon,1994,8.5,998764
54,No Country for Old Men,2007,8.1,822290
55,Goodfellas,1990,8.7,981918
56,Skyfall,2012,7.7,617375
57,Mission: Impossible - Fallout,2018,7.7,275692
58,Do the Right Thing,1989,7.9,84162
59,The Dark Knight Rises,2012,8.4,1469411
60,The Lord of the Rings: The Return of the King,2003,8.9,1592761
61,The Departed,2006,8.5,1149871
62,Get Out,2017,7.7,464965
63,Baby Driver,2017,7.6,415143
64,Batman Begins,2005,8.2,1268226
65,Gone with the Wind,1939,8.1,281135
66,Guardians of the Galaxy,2014,8.0,1016878
67,Apocalypse Now,1979,8.4,585472
68,Almost Famous,2000,7.9,245549
69,Raiders of the Lost Ark,1981,8.4,858889
70,Portrait de la jeune fille en feu,2019,8.1,42892
71,Schindler's List,1993,8.9,1172232
72,The Fifth Element,1997,7.7,423133
73,Green Book,2018,8.2,331180
74,The Shining,1980,8.4,859394
75,Pirates of the Caribbean: The Curse of the Black Pearl,2003,8.0,996878
76,Taxi Driver,1976,8.3,695976
77,Saving Private Ryan,1998,8.6,1193198
78,The Godfather: Part II,1974,9.0,1088359
79,Guardians of the Galaxy Vol. 2,2017,7.6,543850
80,Avatar,2009,7.8,1095709
81,Harry Potter and the Goblet of Fire,2005,7.7,525645
82,Moana,2016,7.6,255853
83,Star Wars,1977,8.6,1196423
84,Shutter Island,2010,8.1,1085405
85,Inside Man,2006,7.6,328965
86,Star Trek,2009,7.9,569886
87,The Avengers,2012,8.0,1235545
88,Dazed and Confused,1993,7.6,159473
89,Falling Down,1993,7.6,164886
90,Toy Story 4,2019,7.8,183780
91,Harry Potter and the Deathly Hallows: Part 2,2011,8.1,737096
92,Sen to Chihiro no kamikakushi,2001,8.6,617662
93,The Hobbit: An Unexpected Journey,2012,7.8,743073
94,La La Land,2016,8.0,482169
95,Dunkirk,2017,7.9,522489
96,There Will Be Blood,2007,8.2,497858
97,Whiplash,2014,8.5,682411
98,The Curious Case of Benjamin Button,2008,7.8,571857
99,Prisoners,2013,8.1,574366
100,The Hateful Eight,2015,7.8,493153
101,The Usual Suspects,1995,8.5,961121
102,A Star Is Born,2018,7.7,312608
103,True Romance,1993,7.9,200586
104,Ferris Bueller's Day Off,1986,7.8,310094
105,Catch Me If You Can,2002,8.1,789953
106,A Clockwork Orange,1971,8.3,734572
107,The Breakfast Club,1985,7.9,343847
108,300,2006,7.6,719132
109,Braveheart,1995,8.3,936275
110,American Beauty,1999,8.3,1042512
111,Coco,2017,8.4,344440
112,The Magnificent Seven,1960,7.7,85248
113,Rogue One,2016,7.8,534079
114,The Martian,2015,8.0,734369
115,What We Do in the Shadows,2014,7.7,147757
116,Blade Runner,1982,8.1,672600
117,The Lord of the Rings: The Two Towers,2002,8.7,1439170
118,Zootopia,2016,8.0,416841
119,Indiana Jones and the Last Crusade,1989,8.2,671745
120,Requiem for a Dream,2000,8.3,742738
121,Casino,1995,8.2,447577
122,The Social Network,2010,7.7,603762
123,12 Years a Slave,2013,8.1,619161
124,Aliens,1986,8.3,634746
125,The Big Lebowski,1998,8.1,705058
126,Memento,2000,8.4,1089568
127,Terminator 2: Judgment Day,1991,8.5,967835
128,E.T. the Extra-Terrestrial,1982,7.8,359479
129,12 Angry Men,1957,8.9,661120
130,Apocalypto,2006,7.8,284066
131,The Terminator,1984,8.0,778471
132,Good Will Hunting,1997,8.3,829419
133,Harry Potter and the Prisoner of Azkaban,2004,7.9,528045
134,Scarface,1983,8.3,714217
135,The Blues Brothers,1980,7.9,177000
136,Marriage Story,2019,8.0,218932
137,The Lion King,1994,8.5,909446
138,Deadpool,2016,8.0,875593
139,Psycho,1960,8.5,580367
140,Minority Report,2002,7.6,495166
141,Deadpool 2,2018,7.7,454764
142,Hidden Figures,2016,7.8,190915
143,Lawrence of Arabia,1962,8.3,259057
144,Heat,1995,8.2,557282
145,The Revenant,2015,8.0,678304
146,The Notebook,2004,7.8,503454
147,"Il buono, il brutto, il cattivo",1966,8.8,666360
148,La vie d'Adèle,2013,7.7,134031
149,Kill Bill: Vol. 1,2003,8.1,969729
150,Iron Man,2008,7.9,915161
151,The Grand Budapest Hotel,2014,8.1,681347
152,Malcolm X,1992,7.7,82395
153,American History X,1998,8.5,1006825
154,Casino Royale,2006,8.0,566691
155,X: First Class,2011,7.7,633891
156,Arrival,2016,7.9,569164
157,Ex Machina,2014,7.7,457742
158,Her,2013,8.0,517717
159,Back to the Future Part II,1989,7.8,461737
160,Willy Wonka & the Chocolate Factory,1971,7.8,172401
161,A Few Good Men,1992,7.7,227250
162,American Psycho,2000,7.6,467505
163,Room,2015,8.1,352230
164,One Flew Over the Cuckoo's Nest,1975,8.7,884226
165,Captain America: Civil War,2016,7.8,638235
166,Tombstone,1993,7.8,121911
167,"Three Billboards Outside Ebbing, Missouri",2017,8.2,403784
168,Ghostbusters,1984,7.8,344416
169,Full Metal Jacket,1987,8.3,652339
170,Drive,2011,7.8,554162
171,Die Hard,1988,8.2,762836
172,Crash,2004,7.8,413473
173,Mulholland Dr.,2001,8.0,309581
174,Cast Away,2000,7.8,505924
175,Ratatouille,2007,8.0,619922
176,Black Swan,2010,8.0,682150
177,Sicario,2015,7.6,356626
178,The Perks of Being a Wallflower,2012,8.0,447816
179,The Peanut Butter Falcon,2019,7.6,42575
180,Hacksaw Ridge,2016,8.1,412332
181,2001: A Space Odyssey,1968,8.3,582235
182,Indiana Jones and the Temple of Doom,1984,7.6,434087
183,Unforgiven,1992,8.2,363774
184,Remember the Titans,2000,7.8,192837
185,The Big Short,2015,7.8,344162
186,Logan,2017,8.1,620587
187,The Thing,1982,8.1,356433
188,Eternal Sunshine of the Spotless Mind,2004,8.3,881849
189,The Imitation Game,2014,8.0,661676
190,The Hangover,2009,7.7,701939
191,Oldeuboi,2003,8.4,496260
192,Pride & Prejudice,2005,7.8,244538
193,Atonement,2007,7.8,241390
194,Reservoir Dogs,1992,8.3,889273
195,Apollo 13,1995,7.6,260308
196,Edge of Tomorrow,2014,7.9,581480
197,Star Wars: Episode V - The Empire Strikes Back,1980,8.7,1124103
198,Love Actually,2003,7.6,413674
199,Hauru no ugoku shiro,2004,8.2,313376
200,Star Wars: The Force Awakens,2015,7.9,840831
201,Ocean's Eleven,2001,7.7,500587
202,Stand by Me,1986,8.1,352272
203,Idi i smotri,1985,8.3,51922
204,Snatch,2000,8.3,761178
205,Harry Potter and the Half-Blood Prince,2009,7.6,453451
206,Donnie Darko,2001,8.0,724569
207,Birdman or (The Unexpected Virtue of Ignorance),2014,7.7,561364
208,Kimi no na wa.,2016,8.4,172674
209,Contratiempo,2016,8.1,122203
210,La vita è bella,1997,8.6,600005
211,The Truman Show,1998,8.1,899826
212,Big Hero 6,2014,7.8,397807
213,Harry Potter and the Deathly Hallows: Part 1,2010,7.7,458728
214,The Sixth Sense,1999,8.1,888374
215,Midnight in Paris,2011,7.7,376061
216,Gifted,2017,7.6,94299
217,The Pianist,2002,8.5,700927
218,The Florida Project,2017,7.6,87465
219,Children of Men,2006,7.9,452144
220,Ah-ga-ssi,2016,8.1,101487
221,Captain Fantastic,2016,7.9,179571
222,The Girl with the Dragon Tattoo,2011,7.8,408730
223,Fargo,1996,8.1,596178
224,Close Encounters of the Third Kind,1977,7.6,178616
225,About Time,2013,7.8,286963
226,Pan's Labyrinth,2006,8.2,602901
227,Mononoke-hime,1997,8.4,325981
228,The Sound of Music,1965,8.0,197081
229,Captain America: The Winter Soldier,2014,7.7,713954
230,The Hobbit: The Desolation of Smaug,2013,7.8,588037
231,Primal Fear,1996,7.7,178614
232,A Beautiful Mind,2001,8.2,821156
233,The Godfather: Part III,1990,7.6,347399
234,Mulan,1998,7.6,241915
235,Black Hawk Down,2001,7.7,355984
236,Blazing Saddles,1974,7.7,122375
237,Kill Bill: Vol. 2,2004,8.0,663070
238,True Grit,2010,7.6,302174
239,Brokeback Mountain,2005,7.7,314925
240,Wind River,2017,7.7,192763
241,Man on Fire,2004,7.7,321856
242,Once Upon a Time in America,1984,8.4,299038
243,Despicable Me,2010,7.6,488322
244,Sin City,2005,8.0,731235
245,Home Alone,1990,7.6,448492
246,Once Upon a Time in the West,1968,8.5,291784
247,Boyz n the Hood,1991,7.7,120380
248,Moneyball,2011,7.6,350087
249,Superbad,2007,7.6,508112
250,Inside Out,2015,8.1,586369
251,Silver Linings Playbook,2012,7.7,647631
252,The Intouchables,2011,8.5,730554
253,The Wizard of Oz,1939,8.0,364764
254,Predator,1987,7.8,362234
255,Star Wars: Episode VI - Return of the Jedi,1983,8.3,921684
256,The Incredibles,2004,8.0,638598
257,Spotlight,2015,8.1,401487
258,Dead Poets Society,1989,8.1,406487
259,The Sandlot,1993,7.8,76277
260,Casablanca,1942,8.5,505860
261,Finding Nemo,2003,8.1,921498
262,Cidade de Deus,2002,8.6,681588
263,Stardust,2007,7.6,248219
264,Incredibles 2,2018,7.6,235891
265,Nightcrawler,2014,7.9,443221
266,Warrior,2011,8.2,424507
267,Bridge of Spies,2015,7.6,278717
268,Twelve Monkeys,1995,8.0,565084
269,Some Like It Hot,1959,8.2,236080
270,Toy Story,1995,8.3,857571
271,The Pursuit of Happyness,2006,8.0,433308
272,Tangled,2010,7.7,392996
273,Capharnaüm,2018,8.4,49967
274,The Deer Hunter,1978,8.1,301848
275,Training Day,2001,7.7,378101
276,Shrek,2001,7.8,596171
277,The Hunt for Red October,1990,7.6,173449
278,The Fault in Our Stars,2014,7.7,333969
279,The Blind Side,2009,7.6,283497
280,Hot Fuzz,2007,7.8,449804
281,Vertigo,1958,8.3,348160
282,Dr. Strangelove or: How I Learned to Stop Worrying and Love the Bomb,1964,8.4,437732
283,The Exorcist,1973,8.0,351824
284,L.A. Confidential,1997,8.2,518053
285,Little Miss Sunshine,2006,7.8,428870
286,Hell or High Water,2016,7.6,195619
287,Rocky,1976,8.1,502399
288,X-Men: Days of Future Past,2014,8.0,647006
289,Wonder,2017,8.0,131155
290,Young Frankenstein,1974,8.0,139437
291,Airplane!,1980,7.7,204866
292,Jagten,2012,8.3,266208
293,The Fugitive,1993,7.8,259800
294,28 Days Later...,2002,7.6,367177
295,Rush,2013,8.1,419016
296,Trainspotting,1996,8.1,619698
297,The Last Samurai,2003,7.7,389049
298,Manchester by the Sea,2016,7.8,235767
299,Straight Outta Compton,2015,7.9,174818
300,What's Eating Gilbert Grape,1993,7.8,208577
301,The Last of the Mohicans,1992,7.7,144414
302,Sherlock Holmes,2009,7.6,571122
303,Argo,2012,7.7,560066
304,Mary Poppins,1964,7.8,153126
305,Kick-Ass,2010,7.6,515609
306,Up,2009,8.2,904436
307,Dallas Buyers Club,2013,8.0,426734
308,Deliverance,1972,7.7,95931
309,The Untouchables,1987,7.9,270595
310,Amélie,2001,8.3,686381
311,Platoon,1986,8.1,370710
312,Lost in Translation,2003,7.7,398240
313,Mystic River,2003,7.9,408756
314,Shichinin no samurai,1954,8.6,304866
315,Frost/Nixon,2008,7.7,100655
316,Slumdog Millionaire,2008,8.0,782328
317,Magnolia,1999,8.0,282756
318,Dances with Wolves,1990,8.0,233355
319,Edward Scissorhands,1990,7.9,434638
320,Star Trek Into Darkness,2013,7.7,456971
321,Zombieland,2009,7.6,507030
322,Big Fish,2003,8.0,405822
323,The Bourne Identity,2002,7.9,495923
324,Lion,2016,8.0,204029
325,"Monsters, Inc.",2001,8.0,789251
326,"Lock, Stock and Two Smoking Barrels",1998,8.2,520691
327,Who Framed Roger Rabbit,1988,7.7,177216
328,Scent of a Woman,1992,8.0,249375
329,Glory,1989,7.8,117844
330,Brazil,1985,7.9,183266
331,Saw,2004,7.6,369579
332,Being John Malkovich,1999,7.7,301486
333,National Lampoon's Christmas Vacation,1989,7.6,147727
334,The Lives of Others,2006,8.4,346497
335,Million Dollar Baby,2004,8.1,618418
336,Blue Velvet,1986,7.8,174677
337,Amadeus,1984,8.3,358255
338,3:10 to Yuma,2007,7.7,281688
339,How to Train Your Dragon,2010,8.1,646829
340,Before Sunrise,1995,8.1,259083
341,Aladdin,1992,8.0,360520
342,Tonari no Totoro,1988,8.2,273272
343,Citizen Kane,1941,8.3,385926
344,Shaun of the Dead,2004,7.9,498933
345,Blowup,1966,7.6,54478
346,Toy Story 3,2010,8.3,734458
347,Serenity,2005,7.8,278577
348,American Gangster,2007,7.8,381636
349,In Bruges,2008,7.9,381190
350,WALL·E,2008,8.4,967233
351,3 Idiots,2009,8.4,327792
352,Monty Python and the Holy Grail,1975,8.2,488160
353,(500) Days of Summer,2009,7.7,461474
354,Rear Window,1954,8.4,428309
355,The Apartment,1960,8.3,156979
356,First Blood,1982,7.7,219531
357,The Little Mermaid,1989,7.6,229755
358,Chinatown,1974,8.2,283912
359,The Machinist,2004,7.7,348447
360,Office Space,1999,7.7,236284
361,Groundhog Day,1993,8.0,565909
362,Halloween,1978,7.8,220560
363,"O Brother, Where Art Thou?",2000,7.7,276867
364,As Good as It Gets,1997,7.7,268178
365,Taken,2008,7.8,555595
366,Mad Max 2,1981,7.6,162276
367,Salinui chueok,2003,8.1,125018
368,Gravity,2013,7.7,750880
369,Der Untergang,2004,8.2,322458
370,Raging Bull,1980,8.2,310981
371,Philadelphia,1993,7.7,217970
372,Moonrise Kingdom,2012,7.8,309027
373,Incendies,2010,8.3,139961
374,The Farewell,2019,7.6,41905
375,The Warriors,1979,7.6,90899
376,The Game,1997,7.8,333873
377,The Fighter,2010,7.8,331914
378,The Dirty Dozen,1967,7.7,65234
379,District 9,2009,7.9,627460
380,Fear and Loathing in Las Vegas,1998,7.6,253097
381,Rosemary's Baby,1968,8.0,185404
382,El secreto de sus ojos,2009,8.2,185975
383,The Graduate,1967,8.0,248351
384,The Butterfly Effect,2004,7.6,441734
385,Dog Day Afternoon,1975,8.0,229115
386,Fantastic Mr. Fox,2009,7.9,190889
387,Misery,1990,7.8,177436
388,Kung fu,2004,7.7,123706
389,Dangal,2016,8.4,144486
390,Y tu mamá también,2001,7.6,112810
391,Blood Diamond,2006,8.0,486326
392,Changeling,2008,7.7,231869
393,The Fly,1986,7.6,154158
394,The Jungle Book,1967,7.6,161125
395,La piel que habito,2011,7.6,133638
396,The Theory of Everything,2014,7.7,387095
397,The Hurt Locker,2008,7.6,411689
398,Hotaru no haka,1988,8.5,221631
399,Empire of the Sun,1987,7.7,112185
400,Roma,2018,7.7,132293
401,Die Hard: With a Vengeance,1995,7.6,355298
402,The Crow,1994,7.6,162598
403,Breakfast at Tiffany's,1961,7.7,161686
404,Lord of War,2005,7.6,288404
405,Life of Pi,2012,7.9,566671
406,Only the Brave,2017,7.6,53948
407,Blow,2001,7.6,235013
408,Nuovo Cinema Paradiso,1988,8.5,219826
409,To Kill a Mockingbird,1962,8.2,286911
410,Gran Torino,2008,8.1,702713
411,The Naked Gun: From the Files of Police Squad!,1988,7.6,146404
412,The Others,2001,7.6,328443
413,The Great Escape,1963,8.2,217835
414,The Elephant Man,1980,8.1,212548
415,This Is Spinal Tap,1984,7.9,125773
416,Sleepers,1996,7.6,182825
417,My Cousin Vinny,1992,7.6,102674
418,It's a Wonderful Life,1946,8.6,385093
419,Wreck-It Ralph,2012,7.7,368809
420,Stalker,1979,8.2,110021
421,Rain Man,1988,8.0,462051
422,The Count of Monte Cristo,2002,7.8,126053
423,North by Northwest,1959,8.3,289007
424,M - Eine Stadt sucht einen Mörder,1931,8.3,137807
425,The King's Speech,2010,8.0,624430
426,Gangs of Wasseypur,2012,8.2,76596
427,Coraline,2009,7.7,189078
428,Hunt for the Wilderpeople,2016,7.9,102776
429,Road to Perdition,2002,7.7,241001
430,Das Boot,1981,8.3,224233
431,Togo,2019,8.0,28785
432,Creed,2015,7.6,240088
433,Boyhood,2014,7.9,328903
434,End of Watch,2012,7.6,222840
435,Mr. Nobody,2009,7.8,210150
436,Spartacus,1960,7.9,120768
437,Moon,2009,7.9,327402
438,Walk the Line,2005,7.8,227858
439,Gake no ue no Ponyo,2008,7.7,118176
440,Ang-ma-reul bo-at-da,2010,7.8,104496
441,Sunset Blvd.,1950,8.4,193654
442,The Color Purple,1985,7.8,75679
443,Beauty and the Beast,1991,8.0,408440
444,Sense and Sensibility,1995,7.6,98564
445,The Thin Red Line,1998,7.6,168134
446,Barry Lyndon,1975,8.1,143573
447,Lost Highway,1997,7.6,126522
448,Fiddler on the Roof,1971,8.0,37761
449,Guess Who's Coming to Dinner,1967,7.8,37944
450,Dogville,2003,8.0,133981
451,All the President's Men,1976,8.0,98880
452,Isle of Dogs,2018,7.9,130380
453,The Royal Tenenbaums,2001,7.6,259192
454,Gandhi,1982,8.0,214195
455,Mississippi Burning,1988,7.8,84531
456,The Bourne Ultimatum,2007,8.0,595233
457,Toy Story 2,1999,7.9,510890
458,Akira,1988,8.0,157364
459,Kaze no tani no Naushika,1984,8.1,142538
460,Gattaca,1997,7.8,273958
461,Bound by Honor,1993,8.0,28056
462,Match Point,2005,7.6,201631
463,The Remains of the Day,1993,7.8,63320
464,The Boy in the Striped Pyjamas,2008,7.8,184345
465,Searching,2018,7.6,127207
466,Sing Street,2016,7.9,81847
467,The Bourne Supremacy,2004,7.7,424622
468,Captain Phillips,2013,7.8,408867
469,Donnie Brasco,1997,7.7,268838
470,Majo no takkyûbin,1989,7.8,115444
471,Planet of the Apes,1968,8.0,161947
472,Cool Hand Luke,1967,8.1,157126
473,The Sting,1973,8.3,234414
474,Butch Cassidy and the Sundance Kid,1969,8.0,198168
475,Ray,2004,7.7,135225
476,Singin' in the Rain,1952,8.3,211100
477,The Maltese Falcon,1941,8.0,145939
478,Dark City,1998,7.6,184090
479,Funny Games,1997,7.6,61990
480,The Birds,1963,7.7,165615
481,Escape from Alcatraz,1979,7.6,114698
482,Koe no katachi,2016,8.2,38514
483,When Harry Met Sally...,1989,7.6,188862
484,Yedinci Kogustaki Mucize,2019,8.3,26916
485,Serbuan maut,2011,7.6,185898
486,The Last Picture Show,1971,8.0,40773
487,Serpico,1973,7.7,105241
488,Fried Green Tomatoes,1991,7.7,64870
489,Eastern Promises,2007,7.6,222631
490,Glengarry Glen Ross,1992,7.7,93132
491,Goldfinger,1964,7.7,167648
492,Rebel Without a Cause,1955,7.7,80880
493,Traffic,2000,7.6,192190
494,Relatos salvajes,2014,8.1,167894
495,Shoplifters,2018,8.0,54404
496,Andhadhun,2018,8.3,62881
497,Per qualche dollaro in più,1965,8.3,223319
498,Pride,2014,7.8,49972
499,The Boondock Saints,1999,7.8,223762
500,Fa yeung nin wah,2000,8.1,117450
501,127 Hours,2010,7.6,340173
502,A Bronx Tale,1993,7.8,123936
503,Gone Baby Gone,2007,7.6,244016
504,The Illusionist,2006,7.6,349010
505,La montaña sagrada,1973,7.9,34917
506,Carlito's Way,1993,7.9,194916
507,Adaptation.,2002,7.7,172691
508,Metropolis,1927,8.3,154667
509,Klaus,2019,8.2,71483
510,A Streetcar Named Desire,1951,8.0,96433
511,Enter the Dragon,1973,7.7,93573
512,The Bridge on the River Kwai,1957,8.1,197104
513,Batoru rowaiaru,2000,7.6,165406
514,The Nightmare Before Christmas,1993,8.0,283536
515,Män som hatar kvinnor,2009,7.8,205181
516,Tenkû no shiro Rapyuta,1986,8.0,143368
517,Life of Brian,1979,8.1,356364
518,Before Sunset,2004,8.0,225925
519,Per un pugno di dollari,1964,8.0,190153
520,Yip Man,2008,8.0,206442
521,Billy Elliot,2000,7.7,122865
522,Det sjunde inseglet,1957,8.2,157213
523,Lethal Weapon,1987,7.6,230781
524,In the Name of the Father,1993,8.1,151212
525,JFK,1991,8.0,137332
526,"Paris, Texas",1984,8.1,84732
527,Annie Hall,1977,8.0,246822
528,Midnight Cowboy,1969,7.8,97721
529,The Conversation,1974,7.8,94523
530,Before Midnight,2013,7.9,134645
531,My Fair Lady,1964,7.8,84154
532,Ben-Hur,1959,8.1,213316
533,The Lego Movie,2014,7.7,317722
534,Seppuku,1962,8.7,35421
535,Seven Pounds,2008,7.6,280888
536,In the Heat of the Night,1967,7.9,65112
537,Double Indemnity,1944,8.3,138086
538,Network,1976,8.1,140528
539,The French Connection,1971,7.7,106320
540,Dawn of the Planet of the Apes,2014,7.6,404756
541,Kramer vs. Kramer,1979,7.8,127897
542,Charade,1963,7.9,65376
543,Ran,1985,8.2,107364
544,Solaris,1972,8.1,77101
545,The Artist,2011,7.9,226032
546,PK,2014,8.1,154547
547,Hachi: A Dog's Tale,2009,8.1,243191
548,Amores perros,2000,8.1,217736
549,Jodaeiye Nader az Simin,2011,8.3,212175
550,Rise of the Planet of the Apes,2011,7.6,488562
551,The Fall,2006,7.9,105301
552,The Wrestler,2008,7.9,285135
553,Star Trek II: The Wrath of Khan,1982,7.7,109990
554,Dangerous Liaisons,1988,7.6,62749
555,The Ten Commandments,1956,7.8,61923
556,La haine,1995,8.1,142544
557,Paths of Glory,1957,8.4,170541
558,Blood Simple,1984,7.6,84577
559,The Bridges of Madison County,1995,7.6,70422
560,Doctor Zhivago,1965,8.0,67760
561,The Man from Earth,2007,7.9,169301
562,Enemy at the Gates,2001,7.6,236511
563,On the Waterfront,1954,8.1,137147
564,25th Hour,2002,7.6,167096
565,Låt den rätte komma in,2008,7.9,201668
566,Robin Hood,1973,7.6,111778
567,El cuerpo,2012,7.6,53328
568,Dirty Harry,1971,7.7,139456
569,Bonnie and Clyde,1967,7.8,99481
570,Taare Zameen Par,2007,8.4,159039
571,Kôkaku Kidôtai,1995,8.0,124267
572,Der Name der Rose,1986,7.7,98760
573,Wo hu cang long,2000,7.8,248360
574,Snow White and the Seven Dwarfs,1937,7.6,175799
575,Pâfekuto burû,1997,8.0,52458
576,How to Train Your Dragon 2,2014,7.8,296362
577,Rebecca,1940,8.1,118125
578,The Insider,1999,7.8,156097
579,The Searchers,1956,7.9,77685
580,Serbuan maut 2: Berandal,2014,8.0,111174
581,Philomena,2013,7.6,92281
582,Days of Heaven,1978,7.8,50307
583,La migliore offerta,2013,7.8,104208
584,Kaze tachinu,2013,7.8,68762
585,Roman Holiday,1953,8.0,123674
586,I Am Sam,2001,7.7,140510
587,The Outlaw Josey Wales,1976,7.8,63569
588,The Iron Giant,1999,8.0,166945
589,Madeo,2009,7.8,47661
590,Awakenings,1990,7.8,119493
591,Ordinary People,1980,7.7,45211
592,Flipped,2010,7.7,79047
593,Papillon,1973,8.0,118481
594,Witness for the Prosecution,1957,8.4,102844
595,Midnight Express,1978,7.6,71005
596,50/50,2011,7.6,310554
597,Cabaret,1972,7.8,46767
598,Kari-gurashi no Arietti,2010,7.6,76230
599,Short Term 12,2013,8.0,78697
600,Naked,1993,7.8,32875
601,Persona,1966,8.1,97280
602,Rushmore,1998,7.7,164654
603,Cinderella Man,2005,8.0,172643
604,October Sky,1999,7.8,79374
605,Rope,1948,8.0,124454
606,Evil Dead II,1987,7.8,143669
607,Ed Wood,1994,7.8,162296
608,"Synecdoche, New York",2008,7.6,78562
609,Night of the Living Dead,1968,7.9,112209
610,The Man Who Shot Liberty Valance,1962,8.1,66643
611,The King of Comedy,1982,7.8,82694
612,Sabrina,1954,7.7,57142
613,East of Eden,1955,7.9,39015
614,The Wild Bunch,1969,7.9,75560
615,Mimi wo sumaseba,1995,7.9,47473
616,Leviafan,2014,7.6,47434
617,The Magdalene Sisters,2002,7.7,25479
618,Dawn of the Dead,1978,7.9,108493
619,Mysterious Skin,2004,7.6,64589
620,Mary and Max,2009,8.1,159842
621,Zimna wojna,2018,7.6,44736
622,Beasts of No Nation,2015,7.7,70723
623,All That Jazz,1979,7.9,26821
624,Arsenic and Old Lace,1944,8.0,63784
625,Me and Earl and the Dying Girl,2015,7.7,119635
626,La dolce vita,1960,8.0,63839
627,Hotel Rwanda,2004,8.1,327299
628,Hedwig and the Angry Inch,2001,7.7,31247
629,The Great Dictator,1940,8.4,195285
630,The Last Emperor,1987,7.7,90974
631,Barton Fink,1991,7.7,109970
632,Le mépris,1963,7.6,27494
633,Mommy,2014,8.1,47983
634,The Message,1976,8.2,42536
635,Miller's Crossing,1990,7.7,123075
636,Gully Boy,2019,8.1,28113
637,Anatomy of a Murder,1959,8.0,57806
638,Kelly's Heroes,1970,7.6,43978
639,The Longest Day,1962,7.8,51152
640,Clerks,1994,7.7,208395
641,Harold and Maude,1971,7.9,68847
642,Paddington 2,2017,7.8,57008
643,Kurenai no buta,1992,7.7,72596
644,Bãhubali: The Beginning,2015,8.1,99105
645,Zwartboek,2006,7.7,71158
646,21 Grams,2003,7.7,220307
647,My Left Foot: The Story of Christy Brown,1989,7.9,65554
648,After Hours,1985,7.7,55793
649,Sling Blade,1996,8.0,85297
650,Modern Times,1936,8.5,208798
651,8½,1963,8.0,105450
652,What Ever Happened to Baby Jane?,1962,8.1,48333
653,From Here to Eternity,1953,7.6,41972
654,The Last King of Scotland,2006,7.7,171938
655,The Night of the Hunter,1955,8.0,79500
656,Dancer in the Dark,2000,8.0,99324
657,Cape Fear,1962,7.7,25428
658,Giant,1956,7.6,32975
659,Badlands,1973,7.8,63226
660,The Right Stuff,1983,7.8,54604
661,Trois couleurs: Bleu,1993,7.9,85318
662,Nosferatu,1922,7.9,85941
663,Freaks,1932,7.9,40804
664,Stagecoach,1939,7.9,41659
665,This Is England,2006,7.7,113700
666,Chung Hing sam lam,1994,8.1,59050
667,Paper Moon,1973,8.1,40828
668,A Little Princess,1995,7.7,31197
669,All About Eve,1950,8.2,116593
670,Rashômon,1950,8.2,146408
671,Ajeossi,2010,7.8,60164
672,La grande bellezza,2013,7.8,78003
673,Fanny och Alexander,1982,8.1,55636
674,Der Himmel über Berlin,1987,8.0,62268
675,The Third Man,1949,8.1,154027
676,Lucky Number Slevin,2006,7.7,295788
677,The Treasure of the Sierra Madre,1948,8.2,110382
678,Finding Neverland,2004,7.7,195578
679,Detachment,2011,7.7,74107
680,Dial M for Murder,1954,8.2,151554
681,Ying xiong,2002,7.9,171280
682,Manhattan,1979,7.9,128231
683,Loving Vincent,2017,7.8,47368
684,High Noon,1952,7.9,94953
685,The Adventures of Robin Hood,1938,7.9,45920
686,Zindagi Na Milegi Dobara,2011,8.1,64553
687,Kis Uykusu,2014,8.1,43329
688,Letters from Iwo Jima,2006,7.9,151359
689,Where Eagles Dare,1968,7.7,50264
690,"Planes, Trains & Automobiles",1987,7.6,118226
691,Happiness,1998,7.7,65021
692,Baahubali 2: The Conclusion,2017,8.2,71502
693,Being There,1979,8.0,63694
694,King Kong,1933,7.9,77010
695,Pink Floyd: The Wall,1982,8.1,74126
696,Rio Bravo,1959,8.0,54212
697,Andrei Rublev,1966,8.1,44045
698,The Muppet Movie,1979,7.6,31551
699,Ladri di biciclette,1948,8.3,139652
700,Withnail & I,1987,7.7,39028
701,Papurika,2006,7.7,67385
702,The Kid,1921,8.3,107532
703,It Happened One Night,1934,8.1,90434
704,Zerkalo,1975,8.1,37440
705,Kaguyahime no monogatari,2013,8.0,35335
706,"Shin seiki Evangelion Gekijô-ban: Air/Magokoro wo, kimi ni",1997,8.1,35277
707,Le locataire,1976,7.7,37902
708,The Straight Story,1999,8.0,79260
709,"South Park: Bigger, Longer & Uncut",1999,7.7,189039
710,Belle de jour,1967,7.7,38711
711,À bout de souffle,1960,7.9,70319
712,Kubo and the Two Strings,2016,7.8,113984
713,Smultronstället,1957,8.2,91599
714,Chugyeogja,2008,7.9,55442
715,Mr. Smith Goes to Washington,1939,8.1,103655
716,The Killing,1956,8.0,78875
717,Amour,2012,7.9,90444
718,Omoide no Mânî,2014,7.7,29551
719,The Philadelphia Story,1940,7.9,61567
720,Jûbê ninpûchô,1993,7.9,33534
721,Drishyam,2015,8.2,64116
722,Zulu,1964,7.7,34873
723,The Manchurian Candidate,1962,7.9,69830
724,K.G.F: Chapter 1,2018,8.2,30459
725,Trois couleurs: Rouge,1994,8.1,86640
726,The Killing Fields,1984,7.8,49998
727,Touch of Evil,1958,8.0,96295
728,Patton,1970,7.9,91868
729,Nebraska,2013,7.7,109951
730,Dead Man,1995,7.6,88088
731,The Taking of Pelham One Two Three,1974,7.7,25439
732,Uri: The Surgical Strike,2019,8.3,40129
733,Ikiru,1952,8.3,64343
734,The Hurricane,1999,7.6,89632
735,Les quatre cents coups,1959,8.1,100623
736,Fantasia,1940,7.8,86157
737,Victoria,2015,7.6,49935
738,Chinjeolhan geumjassi,2005,7.6,69571
739,Bom Yeoareum Gaeul Gyeoul Geurigo Bom,2003,8.0,75012
740,Lola rennt,1998,7.6,185067
741,The Lunchbox,2013,7.8,48076
742,On Golden Pond,1981,7.6,26777
743,Yôjinbô,1961,8.2,106009
744,Strangers on a Train,1951,8.0,120035
745,Tôkyô monogatari,1953,8.2,49460
746,Under sandet,2015,7.8,33089
747,Breaking the Waves,1996,7.8,60665
748,Hamlet,1996,7.7,35364
749,Tengoku to jigoku,1963,8.4,29971
750,Who's Afraid of Virginia Woolf?,1966,8.0,67184
751,Giù la testa,1971,7.6,28798
752,Bacheha-Ye aseman,1997,8.3,61252
753,Notorious,1946,7.9,89633
754,Once,2007,7.8,108579
755,Volver,2006,7.6,92532
756,Lagaan: Once Upon a Time in India,2001,8.1,101287
757,Waking Life,2001,7.8,59539
758,The Secret of NIMH,1982,7.6,35154
759,Queen,2013,8.2,58516
760,Perfetti sconosciuti,2016,7.8,53569
761,The Quiet Man,1952,7.7,33587
762,Bir Zamanlar Anadolu'da,2011,7.9,39344
763,City Lights,1931,8.5,160647
764,The Big Sleep,1946,7.9,77042
765,Short Cuts,1993,7.7,41321
766,The Grapes of Wrath,1940,8.0,84186
767,Le Petit Prince,2015,7.7,54449
768,Todo sobre mi madre,1999,7.8,86295
769,Frankenstein,1931,7.8,62768
770,The Lion in Winter,1968,7.9,28251
771,Watership Down,1978,7.6,32792
772,Stalag 17,1953,8.0,50036
773,The Thin Man,1934,8.0,25541
774,A Christmas Story,1983,7.9,127366
775,Hannah and Her Sisters,1986,7.9,65177
776,The Hustler,1961,8.0,73557
777,The Day of the Jackal,1973,7.8,36215
778,Kal ho naa ho,2003,8.0,61327
779,La Vie En Rose,2007,7.6,80929
780,Il conformista,1970,8.0,25692
781,Boksuneun naui geot,2002,7.6,60416
782,The Verdict,1982,7.7,34528
783,Byôsoku 5 senchimêtoru,2007,7.6,48538
784,Udaan,2010,8.2,41114
785,Red River,1948,7.8,27127
786,Thank You for Smoking,2005,7.6,210603
787,The Invisible Man,1933,7.7,28951
788,Judgment at Nuremberg,1961,8.2,66571
789,Du rififi chez les hommes,1955,8.2,25250
790,Anand,1971,8.6,26888
791,Cat on a Hot Tin Roof,1958,8.0,43440
792,The African Queen,1951,7.7,69689
793,Hable con ella,2002,7.9,102123
794,Les yeux sans visage,1960,7.7,25752
795,Tropa de Elite,2007,8.1,95963
796,Abre los ojos,1997,7.8,62432
797,En man som heter Ove,2015,7.7,44286
798,Underground,1995,8.1,53815
799,Mou gaan dou,2002,8.0,115772
800,Repulsion,1965,7.7,47201
801,"I, Daniel Blake",2016,7.9,50726
802,Diarios de motocicleta,2004,7.8,94853
803,The Red Shoes,1948,8.1,29473
804,Trois couleurs: Blanc,1994,7.6,61031
805,"Swades: We, the People",2004,8.2,79956
806,A Man for All Seasons,1966,7.7,30204
807,Good Bye Lenin!,2003,7.7,134922
808,Kumonosu-jô,1957,8.1,43948
809,Secrets & Lies,1996,8.0,35889
810,"Aguirre, der Zorn Gottes",1972,7.9,50279
811,Key Largo,1948,7.8,36017
812,All Quiet on the Western Front,1930,8.0,55952
813,Bin-jip,2004,8.0,48194
814,The Day the Earth Stood Still,1951,7.7,75021
815,A Hard Day's Night,1964,7.6,39019
816,Kagemusha,1980,8.0,30858
817,Amarcord,1973,7.9,38422
818,Bringing Up Baby,1938,7.9,53439
819,The Best Years of Our Lives,1946,8.0,55913
820,My Name Is Khan,2010,8.0,95817
821,Song of the Sea,2014,8.1,48604
822,Das Cabinet des Dr. Caligari,1920,8.1,54937
823,Le scaphandre et le papillon,2007,8.0,101533
824,His Girl Friday,1940,7.9,51713
825,The Man Who Would Be King,1975,7.8,42822
826,Interstate 60: Episodes of the Road,2002,7.7,29128
827,Nelyubov,2017,7.6,27861
828,Un long dimanche de fiançailles,2004,7.6,69961
829,Delicatessen,1991,7.6,78689
830,Fitzcarraldo,1982,8.1,30034
831,Die Welle,2008,7.6,99990
832,La double vie de Véronique,1991,7.8,39905
833,Sunrise: A Song of Two Humans,1927,8.1,45709
834,Das weiße Band - Eine deutsche Kindergeschichte,2009,7.8,66851
835,Ayla: The Daughter of War,2017,8.5,31729
836,Spoorloos,1988,7.7,32603
837,Eskiya,1996,8.3,61125
838,Rang De Basanti,2006,8.2,107603
839,La leggenda del pianista sull'oceano,1998,8.1,56826
840,Peeping Tom,1960,7.7,29702
841,Un prophète,2009,7.9,91535
842,Kakushi-toride no san-akunin,1958,8.1,32636
843,Bajrangi Bhaijaan,2015,8.0,69017
844,Lilja 4-ever,2002,7.8,41538
845,Dev.D,2009,8.0,27862
846,The Salesman,2016,7.8,47837
847,Shadow of a Doubt,1943,7.8,57432
848,Munna Bhai M.B.B.S.,2003,8.1,70877
849,The Station Agent,2003,7.6,66320
850,Talvar,2015,8.2,29215
851,Pink,2016,8.1,36814
852,Efter brylluppet,2006,7.7,31028
853,Invasion of the Body Snatchers,1956,7.7,43489
854,Crimes and Misdemeanors,1989,7.9,53162
855,Control,2007,7.7,60343
856,Batman: Mask of the Phantasm,1993,7.8,41339
857,The Gold Rush,1925,8.2,96201
858,Bhaag Milkha Bhaag,2013,8.2,58750
859,Kind Hearts and Coronets,1949,8.0,33541
860,Gegen die Wand,2004,7.9,49714
861,Viskningar och rop,1972,8.1,28716
862,Dead Man's Shoes,2004,7.6,48272
863,Night on Earth,1991,7.8,53549
864,The World's Fastest Indian,2005,7.8,50918
865,Le charme discret de la bourgeoisie,1972,7.9,36898
866,Le samouraï,1967,8.1,43246
867,Once Were Warriors,1994,7.9,30706
868,Sleuth,1972,8.0,43809
869,Sweet Smell of Success,1957,8.1,26909
870,Ookami kodomo no Ame to Yuki,2012,8.1,36517
871,Babam ve Oglum,2005,8.3,75287
872,Ivanovo detstvo,1962,8.1,29744
873,Vozvrashchenie,2003,8.0,41003
874,Gilda,1946,7.7,26846
875,The 39 Steps,1935,7.6,49903
876,The Bride of Frankenstein,1935,7.8,41831
877,Out of the Past,1947,8.0,31404
878,La battaglia di Algeri,1966,8.1,50315
879,Badhaai ho,2018,8.0,25509
880,El ángel exterminador,1962,8.1,28380
881,Shine,1996,7.7,50268
882,Festen,1998,8.0,76025
883,The Broken Circle Breakdown,2012,7.8,38387
884,Toki o kakeru shôjo,2006,7.8,57860
885,Hera Pheri,2000,8.2,53782
886,Kahaani,2012,8.1,55673
887,Paan Singh Tomar,2012,8.2,31857
888,Haider,2014,8.1,48801
889,Baby,2015,8.0,51229
890,Sholay,1975,8.2,49720
891,The Lady Vanishes,1938,7.8,45674
892,Le salaire de la peur,1953,8.1,52296
893,"Crna macka, beli macor",1998,8.1,49538
894,The Circus,1928,8.2,25778
895,The Odd Couple,1968,7.7,30607
896,Darbareye Elly,2009,8.0,42902
897,Wait Until Dark,1967,7.8,26898
898,Death Note: Desu nôto,2006,7.7,28031
899,Mar adentro,2004,8.0,75848
900,A Wednesday,2008,8.1,71922
901,Laura,1944,8.0,41237
902,Les choristes,2004,7.9,55787
903,To Be or Not to Be,1942,8.2,26477
904,Cowboy Bebop: Tengoku no tobira,2001,7.9,41611
905,L'avventura,1960,7.9,25297
906,Au revoir les enfants,1987,8.0,30177
907,Dilwale Dulhania Le Jayenge,1995,8.1,61268
908,Persepolis,2007,8.0,86423
909,Da hong deng long gao gao gua,1991,8.1,28312
910,Dil Chahta Hai,2001,8.1,64729
911,La Strada,1954,8.0,56421
912,Pierrot le Fou,1965,7.6,27998
913,Mustang,2015,7.6,34147
914,The Innocents,1961,7.8,25629
915,Le notti di Cabiria,1957,8.1,41475
916,Huo Yuan Jia,2006,7.6,71766
917,To Have and Have Not,1944,7.8,29972
918,Kokuhaku,2010,7.8,34505
919,Les diaboliques,1955,8.0,59901
920,Yeopgijeogin geunyeo,2001,8.0,44371
921,Vivre sa vie: Film en douze tableaux,1962,8.0,26207
922,Jeux d'enfants,2003,7.6,66050
923,Das Experiment,2001,7.7,89670
924,Hævnen,2010,7.6,37799
925,Special Chabbis,2013,8.0,48913
926,The General,1926,8.1,77871
927,Ace in the Hole,1951,8.1,30076
928,Le passé,2013,7.8,43771
929,Lat sau san taam,1992,7.8,45597
930,In America,2002,7.7,39914
931,Barfi!,2012,8.1,73202
932,Harvey,1950,7.9,51643
933,"4 luni, 3 saptamâni si 2 zile",2007,7.9,55089
934,Rupan sansei: Kariosutoro no shiro,1979,7.7,25440
935,Tropa de Elite 2: O Inimigo Agora é Outro,2010,8.0,77806
936,Brief Encounter,1945,8.0,34137
937,Il postino,1994,7.7,32540
938,The Lost Weekend,1945,7.9,32493
939,Celda 211,2009,7.6,62533
940,Down by Law,1986,7.8,46456
941,The Purple Rose of Cairo,1985,7.7,45753
942,Udta Punjab,2016,7.8,25714
943,La passion de Jeanne d'Arc,1928,8.1,45142
944,Jules et Jim,1962,7.8,36205
945,Airlift,2016,8.0,51418
946,Okuribito,2008,8.1,47314
947,Bronenosets Potemkin,1925,8.0,51360
948,Gongdong gyeongbi guyeok JSA,2000,7.8,25304
949,Inherit the Wind,1960,8.1,26363
950,Hana-bi,1997,7.8,26690
951,Miracle on 34th Street,1947,7.9,38874
952,Duck Soup,1933,7.8,54425
953,Ondskan,2003,7.8,34907
954,Vicky Donor,2012,7.8,38300
955,Black,2005,8.2,32608
956,Veer-Zaara,2004,7.8,47449
957,Lifeboat,1944,7.6,25634
958,Tôkyô goddofâzâzu,2003,7.8,29338
959,Chak De! India,2007,8.2,71293
960,Mandariinid,2013,8.2,36976
961,The Ladykillers,1955,7.7,25421
962,No Man's Land,2001,7.9,43730
963,Dip huet seung hung,1989,7.8,44735
964,La Grande Illusion,1937,8.1,32964
965,The Secret of Kells,2009,7.6,30161
966,Taegukgi hwinalrimyeo,2004,8.1,37145
967,Jungfrukällan,1960,8.1,25593
968,Les triplettes de Belleville,2003,7.8,49718
969,White Heat,1949,8.1,28649
970,Sanjuro,1962,8.1,30859
971,G.O.R.A.,2004,8.0,54632
972,Sherlock Jr.,1924,8.2,38835
973,Hiroshima mon amour,1959,7.9,27081
974,Nueve reinas,2000,7.9,48399
975,Adams æbler,2005,7.8,44178
976,Jab We Met,2007,7.9,45788
977,Central do Brasil,1998,8.0,35033
978,Love and Death,1975,7.7,34933
979,La règle du jeu,1939,8.0,25853
980,Zelig,1983,7.7,38921
981,The Visitor,2007,7.6,41015
982,The Shop Around the Corner,1940,8.1,26470
983,Drishyam,2013,8.4,29331
984,OMG: Oh My God!,2012,8.1,48935
985,C.R.A.Z.Y.,2005,7.9,31071
986,Andaz Apna Apna,1994,8.2,47889
987,Boy A,2007,7.6,36316
988,Vampire Hunter D: Bloodlust,2000,7.7,28315
989,Auf der anderen Seite,2007,7.8,30122
990,Knockin' on Heaven's Door,1997,8.0,26770
991,Lage Raho Munna Bhai,2006,8.1,41437
992,The Muppet Christmas Carol,1992,7.7,46144
993,Joyeux Noël,2005,7.7,26991
994,English Vinglish,2012,7.8,32368
995,Le dîner de cons,1998,7.7,36367
996,A Night at the Opera,1935,7.9,29792
997,And Now for Something Completely Different,1971,7.6,28278
998,Vizontele,2001,8.0,31949
999,Nefes: Vatan Sagolsun,2009,8.0,31042
